year,gdp,gnp,gnistar,capital,emp
1985,,,,258047.7,
1986,,,,263195.7,
1987,,,,267643.0,
1988,,,,271816.2,
1989,,,,277490.5,
1990,,,,284809.0,
1991,,,,291552.4,
1992,,,,298624.9,
1993,,,,304330.5,
1994,,,,312073.8,
1995,112974,109790,120351,322559.0,
1996,121311,117473,129550,336146.3,
1997,134682,128876,141044,353482.6,
1998,146488,138630,151298,373103.3,1593.6
1999,161913,149857,162933,396377.7,1698.4
2000,177138,163656,177307,422201.2,1772.8
2001,186537,166680,179765,450478.0,1822.5
2002,197542,170632,183605,483162.2,1849.8
2003,203495,178707,191189,513842.5,1885.4
2004,217147,191182,203627,549910.2,1946.5
2005,229628,201598,213863,604850.2,2037.8
2006,241079,213039,223915,645586.7,2129.3
2007,253900,220966,231591,685501.7,2219.8
2008,242513,212258,221651,716409.0,2197.7
2009,230160,194423,200152,738394.8,2015.0
2010,234045,201519,200608,750293.6,1924.5
2011,237805,197287,195157,757725.9,1887.4
2012,236855,195791,190233,772428.2,1880.2
2013,242042,207548,200934,826195.4,1937.2
2014,264790,227954,218698,863375.6,1988.5
2015,330057,260030,222731,1077023.4,2055.7
2016,334089,274876,228296,1119299.8,2132.2
2017,367854,290532,238400,1165532.0,2199.3
2018,396120,303183,243042,1194698.5,2265.0
2019,415839,315406,248059,1296682.2,2335.9
2020,444879,327040,238877,1350951.8,2277.6
2021,518534,373292,272309,1333971.9,2427.1
2022,560837,381418,284847,1314142.0,2595.0
2023,542298,409914,302198,1314843.3,2684.5
2024,561940,427757,321636,1272860.1,2757.4
2025,606730,431825,336663,,2817.6
