year,sector,gva,labour_input,labour_hours,capital_input,capital_services,mfp,labour_prod,labour_share,capital_share,tangible,intangible
2000,domestic,100,100,100,100,100,100,100,0.601196034,0.398803966,100,100
2001,domestic,103.0273451,101.5153982,102.5266445,102.6783076,106.8798691,98.84208202,100.4883615,0.60275692,0.39724308,101.5465923,100.1171681
2002,domestic,105.748532,102.1940978,103.6769943,105.8608999,115.2945704,97.74914153,101.9980688,0.597213774,0.402786226,104.140684,100.1979123
2003,domestic,109.4134511,103.2021202,105.4343001,108.742851,122.9841046,97.49478413,103.7740574,0.583984286,0.416015714,106.1997771,100.2267948
2004,domestic,115.8585022,105.115032,108.8178677,112.0937484,132.2326367,98.32901543,106.4701089,0.5814286,0.4185714,107.988238,100.2696665
2005,domestic,121.7252095,108.6514989,115.1535879,117.6628688,148.6096806,95.21500084,105.7068318,0.584723188,0.415276812,110.6925322,100.2948476
2006,domestic,127.0060911,111.6662346,120.6769613,120.9354262,158.7445584,94.0479078,105.2446878,0.584175205,0.415824795,111.531252,100.3353077
2007,domestic,135.937522,114.3537064,125.6734173,124.0317603,168.7454895,95.84207248,108.1672838,0.586204613,0.413795387,112.4498373,100.364856
2008,domestic,133.259784,112.9841939,123.214769,126.2173586,176.4714068,93.44634651,108.152444,0.609808055,0.390191945,115.2952391,100.383206
2009,domestic,121.5338801,105.2638768,110.4001841,127.3124391,180.8122826,90.68744458,110.0848528,0.644504442,0.355495558,120.8782115,100.4226218
2010,domestic,122.128179,99.56034348,101.081679,128.0023421,183.4851434,95.83222664,120.8212805,0.631714054,0.368285946,125.3799137,100.557442
2011,domestic,123.556235,98.61530604,99.47177756,128.7473772,186.127158,97.31548445,124.2123526,0.59405074,0.40594926,126.68312,100.757044
2012,domestic,120.1089406,98.23995471,98.81543278,129.9022997,190.0893965,94.11749145,121.5487674,0.576039864,0.423960136,128.05661,100.8532188
2013,domestic,122.8317317,100.001876,102.0073634,131.0791072,194.0180354,93.70633505,120.4145735,0.55914651,0.44085349,127.3529101,100.9050521
2014,domestic,130.3011604,101.8510407,105.5290562,135.8234974,209.6031252,94.19067364,123.4742023,0.539826112,0.460173888,129.5644945,101.1811979
2015,domestic,138.13031,104.1815841,110.2044466,138.8342623,219.4384704,95.49956046,125.3400514,0.52188093,0.47811907,,
2016,domestic,141.0712264,105.8371427,113.6182368,140.6352758,225.3706815,94.77767835,124.1624851,0.516807864,0.483192136,,
2017,domestic,149.1539816,107.8114721,117.7846144,147.300658,247.8618685,93.92153631,126.6328224,0.51320994,0.48679006,,
2018,domestic,156.3253753,109.8609392,122.2556535,149.7373717,256.2227708,95.0289579,127.8676043,0.505447184,0.494552816,,
2019,domestic,162.7117864,111.0832704,124.9841969,153.2071196,268.266405,95.60737807,130.1858879,0.501280352,0.498719648,,
2000,foreign,100,100,100,100,100,100,100,0.259458447,0.740541553,100,100
2001,foreign,106.005682,100.8172766,103.3780297,105.9073282,107.898326,99.28146367,102.5417899,0.245002778,0.754997222,99.99940978,103.2845787
2002,foreign,122.0417466,99.91840966,99.3441951,114.4707177,119.2854098,106.7010015,122.8473858,0.225008881,0.774991119,105.6910786,108.9370487
2003,foreign,117.0162453,98.70461465,93.88420964,119.973501,126.6494429,98.81511237,124.6388991,0.216214602,0.783785398,110.6655006,113.9814423
2004,foreign,120.581972,98.42469544,92.72446863,125.4747831,134.227226,97.63866857,130.0433141,0.22847939,0.77152061,112.5572554,118.3322329
2005,foreign,132.0214857,98.65994662,93.65841793,134.4422689,146.9584055,99.53318608,140.960619,0.238209091,0.761790909,114.7524039,123.4174004
2006,foreign,139.150939,98.73567137,93.93851701,141.0507437,156.7615739,99.91637684,148.1298017,0.256929565,0.743070435,116.3105361,127.465319
2007,foreign,154.3056249,98.23217159,92.14192982,145.5666928,163.6268904,107.9110697,167.4651542,0.264754805,0.735245195,118.8390331,130.5884126
2008,foreign,149.0306065,98.35928457,92.58457455,146.9939758,165.8281248,103.0767154,160.9669939,0.269835095,0.730164905,118.6801477,131.5840953
2009,foreign,153.4748231,98.5255532,93.18958565,151.0196921,171.9888235,103.1465434,164.6909598,0.259309586,0.740690414,118.1786513,135.1120746
2010,foreign,162.6464101,95.28601203,81.09619271,155.3619733,178.5296259,109.8678441,200.5598594,0.240524648,0.759475352,124.768092,146.3113439
2011,foreign,162.6467249,95.70177214,82.63736954,157.5162289,181.7565463,107.8946814,196.8198235,0.231265218,0.768734782,125.1327007,145.7830609
2012,foreign,162.410765,95.98791776,83.74381311,166.7619043,195.6282059,101.4615273,193.9376283,0.224469435,0.775530565,124.4966819,153.5366653
2013,foreign,160.8500344,96.82377722,86.88881285,171.7768795,203.3555836,96.71067801,185.121685,0.23517702,0.76482298,125.4832904,152.5483688
2014,foreign,180.648975,97.71128183,90.30448571,180.1093237,216.3738627,102.6489699,200.0442985,0.236642624,0.763357376,127.1030742,153.3296087
2015,foreign,330.8408277,98.4143183,94.18298881,783.7230123,1273.747487,42.89416431,351.2745049,0.170484215,0.829515785,,
2016,foreign,332.8031436,98.96676957,98.75214064,835.8796392,1370.294412,40.23039335,337.0085361,0.118163702,0.881836298,,
2017,foreign,366.4629178,99.44177146,102.751812,852.5554831,1401.423079,43.22535126,356.6486185,0.12059742,0.87940258,,
2018,foreign,426.8080923,99.62083576,104.3811422,837.7326664,1373.942439,51.14191825,408.8938704,0.11435379,0.88564621,,
2019,foreign,458.399456,99.91552027,107.1596469,950.455834,1583.945369,48.27021115,427.7724583,0.112432948,0.887567052,,
2000,total,100,100,100,100,100,100,100,0.511630234,0.488369766,100,100
2001,total,103.8064595,101.3219432,102.6218526,103.3618614,106.943466,99.11982959,101.1543418,0.507436511,0.492563489,101.6487108,100.3973171
2002,total,110.1229628,101.5994879,103.1924692,107.4366835,115.4241054,100.8866671,106.7160848,0.493327521,0.506672479,104.8288476,100.9057277
2003,total,111.5325554,102.0536304,104.1426848,111.0008292,122.9992712,98.45708441,107.0959094,0.486574709,0.513425291,107.4426918,101.2393928
2004,total,117.3233354,103.4482737,107.0181865,114.9679195,131.9175543,98.64713598,109.6293436,0.498341354,0.501658646,109.4847926,101.5054453
2005,total,124.4579063,106.225272,112.7498413,121.3456452,147.2092873,96.55403849,110.3841077,0.507742313,0.492257687,112.3704746,101.7381543
2006,total,130.144333,108.6019399,117.6868736,125.3001878,157.3004383,95.63920501,110.5852582,0.5163167,0.4836833,113.4508698,101.918598
2007,total,140.3073299,110.6298528,121.9236821,128.9323291,167.0136902,98.36626861,115.0779959,0.523094312,0.476905688,114.6973939,101.998666
2008,total,137.1457671,109.5753988,119.7894774,131.5257167,174.4412771,95.16092859,114.4889936,0.542320791,0.457679209,117.888758,102.0539353
2009,total,128.3814195,103.6759595,108.4755696,133.0593343,179.0752179,93.06336758,118.3505374,0.557828266,0.442171734,124.3673152,102.2551627
2010,total,130.7540077,98.63591506,98.84675633,134.1521814,182.260904,98.81484469,132.2795129,0.536121981,0.463878019,130.2904763,102.7494132
2011,total,131.9088989,98.00331373,97.58923139,135.0917106,184.8358651,99.63332725,135.167474,0.502527638,0.497472362,131.6836073,103.0288887
2012,total,129.1402065,97.77902597,97.13001444,136.9854316,189.9077982,96.41428553,132.9560252,0.485760754,0.514239246,133.0452409,103.6550678
2013,total,130.9938918,99.29913484,100.316697,138.5438692,194.0673007,95.21782752,130.5803479,0.47787928,0.52212072,132.2993639,103.6634529
2014,total,140.9909203,100.8944179,103.8265338,143.9570243,208.437383,97.07136696,135.7946905,0.46344917,0.53655083,134.5165969,104.0029374
2015,total,177.1897042,102.6527126,108.4128104,209.1351432,388.2975858,82.53554716,163.4398218,0.399701283,0.600298717,,
2016,total,179.8314457,103.8293922,111.9558016,215.7458037,407.47409,80.27918716,160.6271788,0.35442368,0.64557632,,
2017,total,193.2842374,105.1757029,116.1035369,224.3158152,432.806815,81.92588105,166.4757531,0.354146847,0.645853153,,
2018,total,211.8298448,106.441788,120.2567954,225.7276225,436.9436499,88.16379567,176.1479208,0.340453215,0.659546785,,
2019,total,223.5039056,107.2380414,122.9909258,239.7936293,478.2969612,86.91577405,181.7238988,0.331513374,0.668486626,,
